mse,r2
1706624.0352828437,-0.8758758667487225
