Accuracy,Precision,Recall,F1
0.9753246753246755,0.5403176501860714,0.5486869826080354,0.5444214821681814
